Request Number	Created	Subaccount activity type:
RITM000022653497	10/7/2024 14:57	create_update_destinations_in_a_subaccount
RITM000022653505	10/7/2024 15:00	create_update_destinations_in_a_subaccount
RITM000022653721	10/7/2024 15:59	setup_cloud_connector_configuration
RITM000022653742	10/7/2024 16:02	create_update_destinations_in_a_subaccount
RITM000022654373	10/7/2024 18:29	setup_cloud_connector_configuration
RITM000022655877	10/8/2024 0:00	setup_cloud_connector_configuration
RITM000022662247	10/9/2024 18:24	create_update_destinations_in_a_subaccount
RITM000022662303	10/9/2024 18:38	create_update_destinations_in_a_subaccount
RITM000022660394	10/9/2024 3:14	setup_cloud_connector_configuration
RITM000022663484	10/9/2024 22:57	create_update_the_service_instances
RITM000022666650	10/10/2024 21:19	request_for_spaces_access_space_developer
RITM000022664726	10/10/2024 5:29	others
RITM000022664775	10/10/2024 6:00	others
RITM000022658904	10/8/2024 21:21	others
RITM000022668102	10/11/2024 4:17	others
RITM000022670029	10/11/2024 20:43	others
RITM000022669128	10/11/2024 16:05	create_update_destinations_in_a_subaccount
RITM000022673168	10/14/2024 14:55	create_update_a_cloud_foundry_space
RITM000022671350	10/12/2024 3:06	setup_cloud_connector_configuration
RITM000022885543	12/24/2024 23:35	setup_cloud_connector_configuration
RITM000022885554	12/24/2024 23:39	setup_cloud_connector_configuration
RITM000022892280	12/31/2024 0:30	request_for_spaces_access_space_developer
RITM000022885561	12/24/2024 23:41	create_update_the_service_instances
RITM000022898683	1/3/2025 0:19	setup_cloud_connector_configuration
RITM000022905328	1/6/2025 23:08	create_update_a_cloud_foundry_space
RITM000022905360	1/6/2025 23:12	workflow_hana_db_integration
RITM000022906143	1/7/2025 3:00	others
RITM000022908360	1/7/2025 19:36	others
RITM000022908370	1/7/2025 19:41	setup_cloud_connector_configuration
RITM000022908438	1/7/2025 20:00	setup_cloud_connector_configuration
RITM000022909810	1/8/2025 0:04	create_update_destinations_in_a_subaccount
RITM000022910130	1/8/2025 1:25	create_update_destinations_in_a_subaccount
RITM000022909961	1/8/2025 0:41	others
RITM000022910300	1/8/2025 2:11	create_update_a_cloud_foundry_space
RITM000022910309	1/8/2025 2:14	create_update_a_cloud_foundry_space
RITM000023032981	2/18/2025 17:06	others
RITM000023033488	2/18/2025 19:15	create_update_destinations_in_a_subaccount
RITM000023034890	2/19/2025 0:16	others
RITM000023035122	2/19/2025 0:55	workflow_hana_db_integration
RITM000023035486	2/19/2025 2:40	create_update_custom_roles_in_a_subaccount
RITM000023035532	2/19/2025 2:50	others
RITM000023035692	2/19/2025 3:49	setup_cloud_connector_configuration
RITM000023035939	2/19/2025 5:19	create_update_a_cloud_foundry_space
RITM000023035956	2/19/2025 5:26	others
RITM000023037735	2/19/2025 19:36	create_update_custom_roles_in_a_subaccount
RITM000023037013	2/19/2025 16:21	create_update_destinations_in_a_subaccount
RITM000023036977	2/19/2025 16:03	create_update_a_cloud_foundry_space
RITM000023037008	2/19/2025 16:19	create_update_destinations_in_a_subaccount
RITM000023036991	2/19/2025 16:09	create_update_a_cloud_foundry_space
RITM000023036951	2/19/2025 15:57	create_update_the_service_instances
RITM000023131392	3/22/2025 6:10	create_update_the_service_instances
RITM000023126428	3/20/2025 22:15	others
RITM000023133746	3/24/2025 18:43	create_update_destinations_in_a_subaccount
RITM000023134759	3/24/2025 22:24	create_update_destinations_in_a_subaccount
RITM000023131185	3/22/2025 4:05	create_update_custom_roles_in_a_subaccount
RITM000023136013	3/25/2025 2:49	create_update_the_service_instances
RITM000023136011	3/25/2025 2:49	create_update_the_service_instances
RITM000023134180	3/24/2025 20:33	create_update_destinations_in_a_subaccount
RITM000023129802	3/21/2025 21:23	setup_launchpad_workzone
RITM000023140144	3/26/2025 2:27	setup_cloud_connector_configuration
RITM000023136014	3/25/2025 2:49	create_update_the_service_instances
RITM000023136016	3/25/2025 2:49	create_update_the_service_instances
RITM000023136018	3/25/2025 2:49	create_update_the_service_instances
RITM000023133467	3/24/2025 17:49	create_update_custom_roles_in_a_subaccount
RITM000023133497	3/24/2025 17:56	create_update_custom_roles_in_a_subaccount
RITM000023133743	3/24/2025 18:42	create_update_custom_roles_in_a_subaccount
RITM000023133759	3/24/2025 18:46	create_update_custom_roles_in_a_subaccount
RITM000023138700	3/25/2025 21:40	create_update_destinations_in_a_subaccount
RITM000023143720	3/26/2025 23:09	request_for_spaces_access_space_developer
RITM000023144385	3/27/2025 1:39	create_update_custom_roles_in_a_subaccount
RITM000023144940	3/27/2025 4:50	others
RITM000023146566	3/27/2025 19:12	others
RITM000023146664	3/27/2025 19:41	create_update_destinations_in_a_subaccount
RITM000023144332	3/27/2025 1:23	others
RITM000023148069	3/28/2025 1:17	setup_launchpad_workzone
RITM000023148215	3/28/2025 2:08	workflow_hana_db_integration
RITM000023147630	3/27/2025 23:18	request_for_spaces_access_space_developer
RITM000023147642	3/27/2025 23:21	request_for_spaces_access_space_developer
RITM000023147654	3/27/2025 23:24	access_request_for_btp_subaccounts
RITM000023147659	3/27/2025 23:26	access_request_for_btp_subaccounts
RITM000023147668	3/27/2025 23:27	access_request_for_btp_subaccounts
RITM000023147679	3/27/2025 23:29	access_request_for_btp_subaccounts
RITM000023150188	3/28/2025 19:32	setup_launchpad_workzone
RITM000023150772	3/28/2025 22:17	request_for_spaces_access_space_developer
RITM000023150478	3/28/2025 21:04	create_update_destinations_in_a_subaccount
RITM000023136534	3/25/2025 6:23	others
RITM000023147002	3/27/2025 21:07	others
RITM000023257922	5/5/2025 23:32	setup_cloud_connector_configuration
RITM000023254437	5/3/2025 2:07	create_update_custom_roles_in_a_subaccount
RITM000023257116	5/5/2025 20:57	create_update_custom_roles_in_a_subaccount
RITM000023257389	5/5/2025 21:54	create_update_the_service_instances
RITM000023262244	5/7/2025 0:55	create_update_destinations_in_a_subaccount
RITM000023258645	5/6/2025 3:21	others
RITM000023261893	5/6/2025 23:23	create_update_the_service_instances
RITM000023258186	5/6/2025 0:43	create_update_destinations_in_a_subaccount
RITM000023250646	5/1/2025 21:47	ec_2_instance_dp_agent_installation
RITM000023262780	5/7/2025 3:31	create_update_destinations_in_a_subaccount
RITM000023262684	5/7/2025 3:05	create_update_the_service_instances
RITM000023262358	5/7/2025 1:25	others
RITM000023265209	5/7/2025 20:12	others
RITM000023264782	5/7/2025 18:31	setup_cloud_connector_configuration
RITM000023265247	5/7/2025 20:25	workflow_hana_db_integration
RITM000023260632	5/6/2025 19:13	setup_cloud_connector_configuration
RITM000023266342	5/7/2025 23:46	others
RITM000023263308	5/7/2025 8:41	setup_cloud_connector_configuration
RITM000023268675	5/8/2025 18:15	others
RITM000023267682	5/8/2025 10:35	create_update_destinations_in_a_subaccount
RITM000023270069	5/8/2025 23:59	create_update_custom_roles_in_a_subaccount
RITM000023266790	5/8/2025 1:36	create_update_destinations_in_a_subaccount
RITM000023270174	5/9/2025 0:33	access_request_for_btp_subaccounts
RITM000023269054	5/8/2025 19:51	request_for_spaces_access_space_developer
RITM000023269081	5/8/2025 20:01	request_for_spaces_access_space_developer
RITM000023270330	5/9/2025 1:34	others
RITM000023270393	5/9/2025 1:58	setup_cloud_connector_configuration
RITM000023270373	5/9/2025 1:52	create_update_the_service_instances
RITM000023270425	5/9/2025 2:07	create_update_the_service_instances
RITM000023266800	5/8/2025 1:40	create_update_destinations_in_a_subaccount
RITM000023270287	5/9/2025 1:17	create_update_destinations_in_a_subaccount
RITM000023273007	5/9/2025 21:55	create_update_destinations_in_a_subaccount
RITM000023273055	5/9/2025 22:07	others
RITM000023266810	5/8/2025 1:42	setup_launchpad_workzone
RITM000023273787	5/10/2025 1:16	setup_cloud_connector_configuration
RITM000023274089	5/10/2025 3:20	others
RITM000023273733	5/10/2025 0:55	access_request_for_btp_subaccounts
RITM000023270473	5/9/2025 2:20	create_update_the_service_instances
RITM000023270907	5/9/2025 5:24	create_update_the_service_instances
RITM000023270913	5/9/2025 5:29	create_update_the_service_instances
RITM000023259204	5/6/2025 10:12	create_update_a_cloud_foundry_space
RITM000023278851	5/13/2025 4:38	others
RITM000023273748	5/10/2025 1:01	request_for_spaces_access_space_developer
RITM000023274350	5/10/2025 6:30	request_for_spaces_access_space_developer
RITM000023278539	5/13/2025 2:41	create_update_a_cloud_foundry_space
RITM000023278141	5/13/2025 0:52	create_update_the_service_instances
RITM000023275107	5/12/2025 7:22	request_for_spaces_access_space_developer
RITM000023280309	5/13/2025 18:48	workflow_hana_db_integration
RITM000023281560	5/13/2025 23:24	create_update_destinations_in_a_subaccount
RITM000023281935	5/14/2025 0:58	create_update_custom_roles_in_a_subaccount
RITM000023408793	6/25/2025 17:59	others
RITM000023408930	6/25/2025 18:48	others
RITM000023410281	6/26/2025 0:33	others
RITM000023411061	6/26/2025 4:56	request_for_spaces_access_space_developer
RITM000023411399	6/26/2025 10:42	others
RITM000023394088	6/19/2025 18:04	others
RITM000023412502	6/26/2025 19:16	others
RITM000023412456	6/26/2025 19:06	others
RITM000023412922	6/26/2025 21:17	request_for_spaces_access_space_developer
RITM000023411961	6/26/2025 16:04	setup_cloud_connector_configuration
RITM000023413818	6/27/2025 0:36	others
RITM000023390932	6/18/2025 21:03	setup_cloud_connector_configuration
RITM000023412528	6/26/2025 19:25	setup_cloud_connector_configuration
RITM000023414129	6/27/2025 1:58	setup_cloud_connector_configuration
RITM000023414853	6/27/2025 9:47	others
RITM000023415813	6/27/2025 18:32	others
RITM000023416080	6/27/2025 19:55	others
RITM000023398981	6/21/2025 1:12	create_update_custom_roles_in_a_subaccount
RITM000023479943	7/18/2025 21:25	request_for_spaces_access_space_developer
RITM000023478314	7/18/2025 10:14	setup_cloud_connector_configuration
RITM000023478320	7/18/2025 10:22	setup_cloud_connector_configuration
RITM000023478328	7/18/2025 10:34	setup_cloud_connector_configuration
RITM000023478337	7/18/2025 10:41	setup_cloud_connector_configuration
RITM000023471467	7/16/2025 16:58	others
RITM000023480409	7/18/2025 22:56	request_for_spaces_access_space_developer
RITM000023480486	7/18/2025 23:15	others
RITM000023479952	7/18/2025 21:29	create_update_the_service_instances
RITM000023480527	7/18/2025 23:25	setup_launchpad_workzone
RITM000023477011	7/18/2025 0:25	create_update_the_service_instances
RITM000023483796	7/21/2025 20:10	others
RITM000023484006	7/21/2025 20:55	create_update_the_service_instances
RITM000023484035	7/21/2025 20:59	create_update_the_service_instances
RITM000023474011	7/17/2025 3:44	create_update_the_service_instances
RITM000023473990	7/17/2025 3:38	create_update_the_service_instances
RITM000023473997	7/17/2025 3:40	create_update_the_service_instances
RITM000023473952	7/17/2025 3:28	create_update_the_service_instances
RITM000023485212	7/22/2025 1:45	others
RITM000023485704	7/22/2025 3:46	create_update_the_service_instances
RITM000023473980	7/17/2025 3:36	create_update_the_service_instances
RITM000023487593	7/22/2025 19:50	others
RITM000023488072	7/22/2025 21:51	create_update_destinations_in_a_subaccount
RITM000023487367	7/22/2025 18:35	create_update_a_cloud_foundry_space
RITM000023453475	7/10/2025 2:32	create_update_destinations_in_a_subaccount
RITM000023443926	7/7/2025 21:23	request_for_spaces_access_space_developer
RITM000023483648	7/21/2025 19:26	request_for_spaces_access_space_developer
RITM000023487655	7/22/2025 20:08	others
RITM000023484540	7/21/2025 22:39	create_update_destinations_in_a_subaccount
RITM000023489018	7/23/2025 1:31	create_update_the_service_instances
RITM000023488932	7/23/2025 1:06	request_for_spaces_access_space_developer
RITM000023488948	7/23/2025 1:12	setup_launchpad_workzone
RITM000023485501	7/22/2025 3:07	setup_cloud_connector_configuration
RITM000023485822	7/22/2025 4:35	setup_cloud_connector_configuration
RITM000023488598	7/22/2025 23:28	
RITM000023489141	7/23/2025 2:20	create_update_custom_roles_in_a_subaccount
RITM000023489147	7/23/2025 2:23	create_update_custom_roles_in_a_subaccount
RITM000023489155	7/23/2025 2:25	create_update_custom_roles_in_a_subaccount
RITM000023489164	7/23/2025 2:28	create_update_custom_roles_in_a_subaccount
RITM000023489171	7/23/2025 2:30	create_update_custom_roles_in_a_subaccount
RITM000023489205	7/23/2025 2:37	create_update_custom_roles_in_a_subaccount
RITM000023489211	7/23/2025 2:40	create_update_custom_roles_in_a_subaccount
RITM000023489338	7/23/2025 3:24	create_update_destinations_in_a_subaccount
RITM000023459078	7/11/2025 18:38	request_for_spaces_access_space_developer
RITM000023490886	7/23/2025 17:36	others
RITM000023492060	7/23/2025 23:00	setup_launchpad_workzone
RITM000023491986	7/23/2025 22:48	setup_cloud_connector_configuration
RITM000023492048	7/23/2025 22:57	setup_cloud_connector_configuration
RITM000023492116	7/23/2025 23:15	create_update_destinations_in_a_subaccount
RITM000023573705	8/21/2025 2:34	others
RITM000023564374	8/18/2025 21:50	access_request_for_btp_subaccounts
RITM000023564452	8/18/2025 22:05	access_request_for_btp_subaccounts
RITM000023564466	8/18/2025 22:08	access_request_for_btp_subaccounts
RITM000023564484	8/18/2025 22:11	access_request_for_btp_subaccounts
RITM000023564493	8/18/2025 22:13	access_request_for_btp_subaccounts
RITM000023564499	8/18/2025 22:14	access_request_for_btp_subaccounts
RITM000023564505	8/18/2025 22:16	access_request_for_btp_subaccounts
RITM000023564523	8/18/2025 22:18	access_request_for_btp_subaccounts
RITM000023564529	8/18/2025 22:20	access_request_for_btp_subaccounts
RITM000023564549	8/18/2025 22:23	access_request_for_btp_subaccounts
RITM000023579968	8/22/2025 22:25	create_update_the_service_instances
RITM000023579973	8/22/2025 22:25	create_update_the_service_instances
RITM000023580122	8/22/2025 23:00	deactivation_of_an_existing_service
RITM000023580116	8/22/2025 22:58	deactivation_of_an_existing_service
RITM000023580095	8/22/2025 22:53	deactivation_of_an_existing_service
RITM000023579161	8/22/2025 18:11	create_update_destinations_in_a_subaccount
RITM000023578382	8/22/2025 13:43	others
RITM000023572956	8/20/2025 23:33	create_update_custom_roles_in_a_subaccount
RITM000023568310	8/19/2025 21:32	create_update_custom_roles_in_a_subaccount
RITM000023515877	8/1/2025 7:53	create_update_custom_roles_in_a_subaccount
RITM000023580443	8/23/2025 0:48	request_for_spaces_access_space_developer
RITM000023576823	8/22/2025 0:13	others
RITM000023580782	8/23/2025 3:04	deactivation_of_an_existing_service
RITM000023580787	8/23/2025 3:06	deactivation_of_an_existing_service
RITM000023578941	8/22/2025 16:45	create_update_destinations_in_a_subaccount
RITM000023583063	8/25/2025 16:34	request_for_spaces_access_space_developer
RITM000023572270	8/20/2025 21:13	create_update_custom_roles_in_a_subaccount
RITM000023578966	8/22/2025 16:57	setup_launchpad_workzone
RITM000023578957	8/22/2025 16:53	setup_launchpad_workzone
RITM000023584756	8/25/2025 23:23	create_update_the_service_instances
RITM000023561035	8/16/2025 0:45	setup_cloud_connector_configuration
RITM000023584886	8/25/2025 23:54	others
RITM000023584964	8/26/2025 0:20	others
RITM000023584996	8/26/2025 0:29	others
RITM000023584805	8/25/2025 23:33	setup_cloud_connector_configuration
RITM000023584301	8/25/2025 21:56	setup_cloud_connector_configuration
RITM000023586284	8/26/2025 9:33	create_update_custom_roles_in_a_subaccount
RITM000023584137	8/25/2025 21:24	request_for_spaces_access_space_developer
RITM000023587052	8/26/2025 16:44	others
RITM000023587432	8/26/2025 18:56	create_update_destinations_in_a_subaccount
RITM000023585203	8/26/2025 1:31	others
RITM000023585215	8/26/2025 1:33	others
RITM000023676215	9/25/2025 1:23	workflow_hana_db_integration
RITM000023675966	9/25/2025 0:10	create_update_destinations_in_a_subaccount
RITM000023675941	9/25/2025 0:03	others
RITM000023678267	9/25/2025 18:17	create_update_destinations_in_a_subaccount
RITM000023678278	9/25/2025 18:20	others
RITM000023679784	9/26/2025 0:26	create_update_the_service_instances
RITM000023676844	9/25/2025 5:22	others
RITM000023668779	9/23/2025 2:10	others
RITM000023668366	9/23/2025 0:00	others
RITM000023668100	9/22/2025 22:55	others
RITM000023668054	9/22/2025 22:43	others
RITM000023668853	9/23/2025 2:27	others
RITM000023668002	9/22/2025 22:33	others
RITM000023672380	9/24/2025 1:38	others
RITM000023678655	9/25/2025 19:58	create_update_destinations_in_a_subaccount
RITM000023680711	9/26/2025 5:07	others
RITM000023666750	9/22/2025 18:17	others
RITM000023680585	9/26/2025 4:09	request_for_spaces_access_space_developer
RITM000023680590	9/26/2025 4:11	request_for_spaces_access_space_developer
RITM000023667942	9/22/2025 22:22	others
RITM000023682222	9/26/2025 18:55	others
RITM000023682735	9/26/2025 21:02	others
RITM000023683019	9/26/2025 22:02	others
RITM000023682516	9/26/2025 20:12	create_update_custom_roles_in_a_subaccount
RITM000023683307	9/26/2025 22:59	create_update_destinations_in_a_subaccount
RITM000023682980	9/26/2025 21:54	others
RITM000023682444	9/26/2025 19:56	others
RITM000023683462	9/26/2025 23:35	others
RITM000023672899	9/24/2025 4:17	others
RITM000023672913	9/24/2025 4:23	others
RITM000023672927	9/24/2025 4:30	others
RITM000023683221	9/26/2025 22:39	create_update_destinations_in_a_subaccount
RITM000023683229	9/26/2025 22:40	setup_launchpad_workzone
RITM000023683216	9/26/2025 22:37	setup_cloud_connector_configuration
RITM000023683465	9/26/2025 23:35	others
RITM000023682983	9/26/2025 21:54	others
RITM000023683381	9/26/2025 23:15	others
RITM000023683541	9/26/2025 23:57	others
RITM000023684247	9/27/2025 3:23	create_update_destinations_in_a_subaccount
RITM000023684267	9/27/2025 3:34	workflow_hana_db_integration
RITM000023684137	9/27/2025 2:49	workflow_hana_db_integration
RITM000023682889	9/26/2025 21:32	setup_cloud_connector_configuration
RITM000023684492	9/27/2025 5:41	others
RITM000023684576	9/27/2025 8:27	others
RITM000023684592	9/27/2025 9:15	others
RITM000023675180	9/24/2025 21:42	others
RITM000023683364	9/26/2025 23:11	workflow_hana_db_integration
RITM000023684506	9/27/2025 5:57	request_for_spaces_access_space_developer
RITM000023679606	9/25/2025 23:33	setup_launchpad_workzone
RITM000023685422	9/29/2025 3:32	request_for_spaces_access_space_developer
RITM000023674885	9/24/2025 20:36	others
RITM000023685631	9/29/2025 11:24	create_update_a_cloud_foundry_space
RITM000023686529	9/29/2025 17:45	setup_cloud_connector_configuration
RITM000023685862	9/29/2025 14:19	others
RITM000023682430	9/26/2025 19:53	create_update_the_service_instances
RITM000023682434	9/26/2025 19:54	create_update_the_service_instances
RITM000023682437	9/26/2025 19:55	create_update_the_service_instances
RITM000023678214	9/25/2025 17:59	create_update_destinations_in_a_subaccount
RITM000023678201	9/25/2025 17:57	setup_cloud_connector_configuration
RITM000023762584	10/21/2025 16:21	others
RITM000023764894	10/22/2025 4:40	others
RITM000023760332	10/20/2025 20:31	others
RITM000023766044	10/22/2025 17:51	create_update_destinations_in_a_subaccount
RITM000023766150	10/22/2025 18:27	others
RITM000023766448	10/22/2025 20:02	others
RITM000023766828	10/22/2025 21:39	others
RITM000023761954	10/21/2025 7:16	others
RITM000023767067	10/22/2025 22:27	connectivity_issue_in_the_platform
RITM000023767240	10/22/2025 23:13	others
RITM000023767664	10/23/2025 0:59	create_update_the_service_instances
RITM000023764550	10/22/2025 2:34	setup_cloud_connector_configuration
RITM000023767468	10/23/2025 0:13	others
RITM000023769234	10/23/2025 16:16	setup_cloud_connector_configuration
RITM000023769899	10/23/2025 19:58	setup_cloud_connector_configuration
RITM000023745516	10/15/2025 23:57	create_update_a_cloud_foundry_space
RITM000023770340	10/23/2025 21:40	create_update_destinations_in_a_subaccount
RITM000023768427	10/23/2025 6:05	setup_cloud_connector_configuration
RITM000023770708	10/23/2025 22:58	setup_cloud_connector_configuration
RITM000023768164	10/23/2025 3:16	setup_cloud_connector_configuration
RITM000023771175	10/24/2025 0:53	create_update_the_service_instances
RITM000023771626	10/24/2025 3:08	others
RITM000023771660	10/24/2025 3:19	create_update_destinations_in_a_subaccount
RITM000023773046	10/24/2025 17:14	others
RITM000023773843	10/24/2025 20:47	create_update_a_cloud_foundry_space
RITM000023773850	10/24/2025 20:50	create_update_a_cloud_foundry_space
RITM000023774145	10/24/2025 22:02	create_update_a_cloud_foundry_space
RITM000023774550	10/24/2025 23:31	others
RITM000023774780	10/25/2025 0:31	create_update_destinations_in_a_subaccount
RITM000023774176	10/24/2025 22:10	others
RITM000023778071	10/27/2025 21:53	others
RITM000023778619	10/27/2025 23:44	request_for_spaces_access_space_developer
RITM000023778862	10/28/2025 0:47	others
RITM000023779082	10/28/2025 1:47	others
RITM000023778075	10/27/2025 21:55	others
RITM000023779286	10/28/2025 2:57	create_update_destinations_in_a_subaccount
RITM000023779353	10/28/2025 3:12	request_for_spaces_access_space_developer
RITM000023778641	10/27/2025 23:49	others
RITM000023779569	10/28/2025 4:22	others
RITM000023779629	10/28/2025 4:49	others
RITM000023781388	10/28/2025 20:31	others
RITM000023779523	10/28/2025 4:07	create_update_the_service_instances
RITM000023781622	10/28/2025 21:24	others
RITM000023783029	10/29/2025 2:47	create_update_destinations_in_a_subaccount
RITM000023782959	10/29/2025 2:29	request_for_spaces_access_space_developer
RITM000023782339	10/28/2025 23:51	setup_cloud_connector_configuration
RITM000023783147	10/29/2025 3:17	workflow_hana_db_integration
RITM000023783926	10/29/2025 13:52	others
RITM000023780395	10/28/2025 14:56	setup_cloud_connector_configuration
RITM000023785219	10/29/2025 20:40	others
RITM000023783170	10/29/2025 3:24	workflow_hana_db_integration
RITM000023785468	10/29/2025 21:31	others
RITM000023785539	10/29/2025 21:46	workflow_hana_db_integration
RITM000023831075	11/13/2025 23:02	setup_launchpad_workzone
RITM000023831387	11/14/2025 0:14	create_update_destinations_in_a_subaccount
RITM000023831642	11/14/2025 1:28	create_update_the_service_instances
RITM000023831440	11/14/2025 0:28	others
RITM000023831744	11/14/2025 2:04	create_update_destinations_in_a_subaccount
RITM000023833575	11/14/2025 18:27	create_update_the_service_instances
RITM000023829676	11/13/2025 17:20	others
RITM000023834320	11/14/2025 21:34	others
RITM000023833593	11/14/2025 18:32	create_update_destinations_in_a_subaccount
RITM000023826809	11/12/2025 22:19	others
RITM000023834270	11/14/2025 21:26	create_update_destinations_in_a_subaccount
RITM000023834391	11/14/2025 21:50	create_update_destinations_in_a_subaccount
RITM000023827758	11/13/2025 1:39	create_update_destinations_in_a_subaccount
RITM000023831687	11/14/2025 1:42	setup_cloud_connector_configuration
RITM000023831655	11/14/2025 1:33	create_update_the_service_instances
RITM000023834388	11/14/2025 21:49	others
RITM000023831803	11/14/2025 2:28	others
RITM000023833427	11/14/2025 17:40	setup_cloud_connector_configuration
RITM000023835227	11/15/2025 1:04	create_update_the_service_instances
RITM000023835232	11/15/2025 1:04	create_update_the_service_instances
RITM000023834597	11/14/2025 22:18	others
RITM000023835425	11/15/2025 2:10	others
RITM000023835593	11/15/2025 3:07	others
RITM000023835669	11/15/2025 3:44	create_update_destinations_in_a_subaccount
RITM000023834472	11/14/2025 22:06	create_update_destinations_in_a_subaccount
RITM000023834416	11/14/2025 21:55	create_update_destinations_in_a_subaccount
RITM000023835353	11/15/2025 1:49	create_update_destinations_in_a_subaccount
RITM000023831743	11/14/2025 2:03	create_update_destinations_in_a_subaccount
RITM000023835363	11/15/2025 1:52	request_for_spaces_access_space_developer
RITM000023835884	11/15/2025 5:43	request_for_spaces_access_space_developer
RITM000023834495	11/14/2025 22:08	request_for_spaces_access_space_developer
RITM000023835378	11/15/2025 1:56	request_for_spaces_access_space_developer
RITM000023833135	11/14/2025 16:10	others
RITM000023833122	11/14/2025 16:05	others
RITM000023830463	11/13/2025 21:08	setup_cloud_connector_configuration
RITM000023832249	11/14/2025 5:09	setup_cloud_connector_configuration
RITM000023838416	11/17/2025 20:04	others
RITM000023783081	10/29/2025 3:03	setup_cloud_connector_configuration
RITM000023839492	11/17/2025 23:56	setup_cloud_connector_configuration
RITM000023831769	11/14/2025 2:13	workflow_hana_db_integration
RITM000023833573	11/14/2025 18:27	setup_cloud_connector_configuration
RITM000023833586	11/14/2025 18:30	setup_cloud_connector_configuration
RITM000023833590	11/14/2025 18:32	setup_cloud_connector_configuration
RITM000023833617	11/14/2025 18:36	setup_cloud_connector_configuration
RITM000023833634	11/14/2025 18:40	setup_cloud_connector_configuration
RITM000023833660	11/14/2025 18:45	setup_cloud_connector_configuration
RITM000023833668	11/14/2025 18:48	setup_cloud_connector_configuration
RITM000023825609	11/12/2025 17:32	others
RITM000023838571	11/17/2025 20:49	others
RITM000023838554	11/17/2025 20:44	
RITM000023838506	11/17/2025 20:32	others
RITM000023835337	11/15/2025 1:45	request_for_spaces_access_space_developer
RITM000023973591	1/9/2026 23:51	others
RITM000023975771	1/12/2026 13:06	create_update_the_service_instances
RITM000023977025	1/12/2026 19:52	others
RITM000023978234	1/13/2026 0:02	others
RITM000023978263	1/13/2026 0:09	
RITM000023978275	1/13/2026 0:13	others
RITM000023976245	1/12/2026 16:41	create_update_the_service_instances
RITM000023972925	1/9/2026 21:28	others
RITM000023978726	1/13/2026 1:51	create_update_destinations_in_a_subaccount
RITM000023978827	1/13/2026 2:25	create_update_the_service_instances
RITM000023978934	1/13/2026 2:44	others
RITM000023979099	1/13/2026 3:29	setup_cloud_connector_configuration
RITM000023981539	1/13/2026 20:14	others
RITM000023981567	1/13/2026 20:21	others
RITM000023978045	1/12/2026 23:23	others
RITM000023982025	1/13/2026 21:53	others
RITM000023980983	1/13/2026 18:23	setup_cloud_connector_configuration
RITM000023977071	1/12/2026 20:04	create_update_destinations_in_a_subaccount
RITM000023978950	1/13/2026 2:48	request_for_spaces_access_space_developer
RITM000023981998	1/13/2026 21:47	others
RITM000023982026	1/13/2026 21:53	others
RITM000023981947	1/13/2026 21:36	others
RITM000023981874	1/13/2026 21:25	others
RITM000023981904	1/13/2026 21:30	others
RITM000023981991	1/13/2026 21:47	others
RITM000023981930	1/13/2026 21:33	setup_cloud_connector_configuration
RITM000023982857	1/14/2026 0:12	create_update_destinations_in_a_subaccount
RITM000023983296	1/14/2026 1:51	others
RITM000023982983	1/14/2026 0:41	setup_cloud_connector_configuration
RITM000023983379	1/14/2026 2:17	setup_cloud_connector_configuration
RITM000023976099	1/12/2026 15:52	others
RITM000023975339	1/11/2026 18:05	others
RITM000023986165	1/14/2026 22:16	others
RITM000023986178	1/14/2026 22:18	others
RITM000023963534	1/8/2026 2:55	others
RITM000023982594	1/13/2026 23:24	others
RITM000023986392	1/14/2026 22:49	others
RITM000023986414	1/14/2026 22:53	others
RITM000023986557	1/14/2026 23:18	create_update_the_service_instances
RITM000023981297	1/13/2026 19:18	others
RITM000023986729	1/14/2026 23:42	create_update_destinations_in_a_subaccount
RITM000023987126	1/15/2026 1:11	others
RITM000023986516	1/14/2026 23:08	others
RITM000023986565	1/14/2026 23:19	others
RITM000023986598	1/14/2026 23:24	others
RITM000023986646	1/14/2026 23:28	others
RITM000023986710	1/14/2026 23:40	deactivation_of_an_existing_service
RITM000023986740	1/14/2026 23:45	deactivation_of_an_existing_service
RITM000023986751	1/14/2026 23:49	deactivation_of_an_existing_service
RITM000023986776	1/14/2026 23:54	deactivation_of_an_existing_service
RITM000023987312	1/15/2026 2:20	others
RITM000023987044	1/15/2026 0:49	others
RITM000023987074	1/15/2026 0:57	others
RITM000023987473	1/15/2026 3:06	others
RITM000023987462	1/15/2026 3:04	others
RITM000023976381	1/12/2026 17:17	others
RITM000023989787	1/15/2026 21:58	others
RITM000023990462	1/16/2026 0:10	connectivity_issue_in_the_platform
RITM000023954773	1/6/2026 15:39	setup_cloud_connector_configuration
RITM000023954819	1/6/2026 15:51	setup_cloud_connector_configuration
RITM000023971913	1/9/2026 17:28	setup_cloud_connector_configuration
RITM000023971900	1/9/2026 17:24	setup_cloud_connector_configuration
RITM000023990634	1/16/2026 0:40	setup_cloud_connector_configuration
RITM000023990588	1/16/2026 0:31	others
RITM000023990115	1/15/2026 23:05	others
RITM000023988138	1/15/2026 7:43	others
RITM000023984844	1/14/2026 16:22	others
RITM000023990924	1/16/2026 1:54	others
RITM000023985670	1/14/2026 20:05	others
RITM000023991343	1/16/2026 4:26	request_for_spaces_access_space_developer
RITM000023990912	1/16/2026 1:50	others
RITM000023991110	1/16/2026 3:03	others
RITM000023991367	1/16/2026 4:35	others
RITM000023991546	1/16/2026 5:29	
RITM000023992099	1/16/2026 14:47	others
RITM000023992042	1/16/2026 14:23	others
RITM000023984738	1/14/2026 15:37	setup_cloud_connector_configuration
RITM000023984774	1/14/2026 15:53	setup_cloud_connector_configuration
RITM000023984793	1/14/2026 16:01	setup_cloud_connector_configuration
RITM000023984805	1/14/2026 16:06	setup_cloud_connector_configuration
RITM000023985208	1/14/2026 17:45	setup_cloud_connector_configuration
RITM000023985134	1/14/2026 17:25	setup_cloud_connector_configuration
RITM000023985171	1/14/2026 17:36	setup_cloud_connector_configuration
RITM000023985522	1/14/2026 19:17	setup_cloud_connector_configuration
RITM000023993830	1/16/2026 23:02	others
RITM000023994078	1/17/2026 0:02	others
RITM000023983905	1/14/2026 5:02	others
RITM000023985830	1/14/2026 20:59	
RITM000023987095	1/15/2026 1:03	others
RITM000023987657	1/15/2026 3:56	others
RITM000023994088	1/17/2026 0:06	others
RITM000023993577	1/16/2026 22:05	others
RITM000023993590	1/16/2026 22:08	others
RITM000023993588	1/16/2026 22:07	others
RITM000023989601	1/15/2026 21:06	others
RITM000023989638	1/15/2026 21:19	others
RITM000023990183	1/15/2026 23:14	others
RITM000023990651	1/16/2026 0:42	others
RITM000023990799	1/16/2026 1:15	others
RITM000023990845	1/16/2026 1:30	others
RITM000023990930	1/16/2026 1:56	others
RITM000023990968	1/16/2026 2:11	others
RITM000023991320	1/16/2026 4:19	others
RITM000023994395	1/17/2026 1:39	others
RITM000023994398	1/17/2026 1:39	others
RITM000023994400	1/17/2026 1:40	others
RITM000023994959	1/17/2026 5:17	workflow_hana_db_integration
RITM000023995610	1/17/2026 23:43	others
RITM000023996541	1/19/2026 15:13	setup_cloud_connector_configuration
RITM000023997228	1/19/2026 18:22	others
RITM000023997572	1/19/2026 19:50	others
RITM000023993373	1/16/2026 21:24	others
RITM000023993218	1/16/2026 20:42	create_update_a_cloud_foundry_space
RITM000023997625	1/19/2026 20:04	others
RITM000023997610	1/19/2026 20:00	workflow_hana_db_integration
RITM000023997558	1/19/2026 19:43	workflow_hana_db_integration
RITM000023999486	1/20/2026 14:45	others
RITM000023999590	1/20/2026 15:18	others
RITM000023999725	1/20/2026 15:59	others
RITM000023999549	1/20/2026 15:01	others
RITM000023996890	1/19/2026 17:12	setup_cloud_connector_configuration
RITM000023998709	1/20/2026 1:26	others
RITM000024000470	1/20/2026 19:12	setup_launchpad_workzone
RITM000024000474	1/20/2026 19:14	others
RITM000023997062	1/19/2026 17:47	others
RITM000024000014	1/20/2026 17:21	others
RITM000023997888	1/19/2026 21:11	others
RITM000024001529	1/20/2026 23:09	others
RITM000024001523	1/20/2026 23:08	others
RITM000023999399	1/20/2026 13:58	others
RITM000023973162	1/9/2026 22:19	create_update_destinations_in_a_subaccount
RITM000024002144	1/21/2026 0:55	others
RITM000024002285	1/21/2026 1:17	workflow_hana_db_integration
RITM000023994575	1/17/2026 2:43	others
RITM000023994632	1/17/2026 3:05	others
RITM000024001541	1/20/2026 23:13	others
RITM000023994660	1/17/2026 3:18	others
RITM000023991947	1/16/2026 13:03	request_for_spaces_access_space_developer
RITM000024002488	1/21/2026 1:58	others
RITM000023991949	1/16/2026 13:05	request_for_spaces_access_space_developer
RITM000023991952	1/16/2026 13:07	request_for_spaces_access_space_developer
RITM000024000871	1/20/2026 21:06	others
RITM000024002880	1/21/2026 3:22	workflow_hana_db_integration
RITM000024002999	1/21/2026 3:57	request_for_spaces_access_space_developer
RITM000024003061	1/21/2026 4:13	request_for_spaces_access_space_developer
RITM000024002983	1/21/2026 3:50	others
RITM000023998537	1/20/2026 0:16	others
RITM000024003780	1/21/2026 13:22	others
RITM000024004786	1/21/2026 18:56	create_update_a_cloud_foundry_space
RITM000024005233	1/21/2026 21:15	others
RITM000024005295	1/21/2026 21:31	setup_launchpad_workzone
RITM000024004161	1/21/2026 16:21	others
RITM000024002814	1/21/2026 3:09	others
RITM000024005684	1/21/2026 22:44	setup_cloud_connector_configuration
RITM000023984797	1/14/2026 16:03	setup_cloud_connector_configuration
RITM000024006167	1/22/2026 0:17	others
RITM000024005647	1/21/2026 22:36	others
RITM000024006498	1/22/2026 1:41	create_update_destinations_in_a_subaccount
RITM000024006599	1/22/2026 2:20	create_update_destinations_in_a_subaccount
RITM000024006742	1/22/2026 3:03	others
RITM000024007178	1/22/2026 5:34	others
RITM000024006942	1/22/2026 4:09	workflow_hana_db_integration
RITM000024009382	1/22/2026 22:14	create_update_destinations_in_a_subaccount
RITM000024009698	1/22/2026 23:19	others
RITM000024009274	1/22/2026 21:56	others
RITM000024010176	1/23/2026 1:14	request_for_spaces_access_space_developer
RITM000024010160	1/23/2026 1:08	create_update_the_service_instances
RITM000024010304	1/23/2026 1:57	others
RITM000024009871	1/23/2026 0:02	others
RITM000024002027	1/21/2026 0:36	others
RITM000024010508	1/23/2026 3:01	others
RITM000024010471	1/23/2026 2:50	others
RITM000023993706	1/16/2026 22:34	others
RITM000024008962	1/22/2026 20:49	workflow_hana_db_integration
RITM000024011131	1/23/2026 9:03	others
RITM000024008334	1/22/2026 17:43	setup_cloud_connector_configuration
RITM000024011179	1/23/2026 10:04	setup_cloud_connector_configuration
RITM000023950307	1/5/2026 14:07	create_update_destinations_in_a_subaccount
RITM000024012597	1/23/2026 20:41	create_update_destinations_in_a_subaccount
RITM000024011534	1/23/2026 15:36	setup_cloud_connector_configuration
RITM000024013085	1/23/2026 22:43	create_update_destinations_in_a_subaccount
RITM000024011529	1/23/2026 15:33	connectivity_issue_in_the_platform
RITM000024013335	1/23/2026 23:37	others
RITM000024014146	1/24/2026 4:01	others
RITM000024015430	1/26/2026 6:25	create_update_destinations_in_a_subaccount
RITM000024016760	1/26/2026 21:42	others
RITM000024016648	1/26/2026 21:02	others
RITM000024016700	1/26/2026 21:25	others
RITM000024012309	1/23/2026 19:07	request_for_spaces_access_space_developer
RITM000024016722	1/26/2026 21:32	others
RITM000024018174	1/27/2026 5:14	create_update_the_service_instances
RITM000024016915	1/26/2026 22:19	others
RITM000024018085	1/27/2026 4:36	setup_cloud_connector_configuration
RITM000024019460	1/27/2026 17:56	others
RITM000024019266	1/27/2026 17:05	create_update_destinations_in_a_subaccount
RITM000024020299	1/27/2026 21:48	setup_cloud_connector_configuration
RITM000024020256	1/27/2026 21:40	setup_cloud_connector_configuration
RITM000024019135	1/27/2026 16:31	create_update_destinations_in_a_subaccount
RITM000024017576	1/27/2026 1:43	others
RITM000024017570	1/27/2026 1:43	
RITM000024019905	1/27/2026 20:00	others
RITM000024020193	1/27/2026 21:25	others
RITM000024020338	1/27/2026 21:55	others
RITM000024019323	1/27/2026 17:18	others
RITM000024012900	1/23/2026 21:54	setup_cloud_connector_configuration
RITM000024020876	1/27/2026 23:41	others
RITM000024020686	1/27/2026 22:54	others
RITM000024020708	1/27/2026 22:58	others
RITM000024021735	1/28/2026 3:27	others
RITM000024021733	1/28/2026 3:27	others
RITM000024019720	1/27/2026 19:06	request_for_spaces_access_space_developer
RITM000024017629	1/27/2026 2:01	others
RITM000024019898	1/27/2026 20:00	setup_cloud_connector_configuration
RITM000024023619	1/28/2026 18:48	others
RITM000024023022	1/28/2026 16:06	others
RITM000024012469	1/23/2026 20:00	create_update_the_service_instances
RITM000024024490	1/28/2026 22:31	request_for_spaces_access_space_developer
RITM000024022889	1/28/2026 15:21	others
RITM000024024444	1/28/2026 22:23	others
RITM000024010157	1/23/2026 1:07	setup_cloud_connector_configuration
RITM000024021016	1/28/2026 0:14	create_update_destinations_in_a_subaccount
RITM000024024457	1/28/2026 22:26	others
RITM000024024428	1/28/2026 22:19	setup_cloud_connector_configuration
RITM000024024838	1/28/2026 23:40	others
RITM000024024789	1/28/2026 23:33	others
RITM000024018693	1/27/2026 13:36	request_for_spaces_access_space_developer
RITM000024018673	1/27/2026 13:22	request_for_spaces_access_space_developer
RITM000024010982	1/23/2026 6:16	others
RITM000024020957	1/27/2026 23:59	others
RITM000024017625	1/27/2026 2:00	others
RITM000024016812	1/26/2026 21:53	others
RITM000024025189	1/29/2026 1:18	others
RITM000024025638	1/29/2026 3:40	others
RITM000024025756	1/29/2026 4:23	others
RITM000024025835	1/29/2026 4:47	others
RITM000024025845	1/29/2026 4:53	others
RITM000024026193	1/29/2026 9:27	others
RITM000024026198	1/29/2026 9:30	others
RITM000024026203	1/29/2026 9:32	others
RITM000024026154	1/29/2026 8:50	others
RITM000024026158	1/29/2026 8:53	others
RITM000024026162	1/29/2026 8:57	others
RITM000024026292	1/29/2026 11:07	others
RITM000024028135	1/29/2026 21:34	others
RITM000024028116	1/29/2026 21:31	others
RITM000024028139	1/29/2026 21:34	others
RITM000024024975	1/29/2026 0:16	others
RITM000024028322	1/29/2026 22:21	others
RITM000024028346	1/29/2026 22:27	others
RITM000024028192	1/29/2026 21:48	others
RITM000024027681	1/29/2026 19:58	others
RITM000024027609	1/29/2026 19:33	connectivity_issue_in_the_platform
RITM000024028639	1/29/2026 23:31	others
RITM000024028539	1/29/2026 23:08	setup_cloud_connector_configuration
RITM000024030794	1/30/2026 3:46	others
RITM000024030847	1/30/2026 4:01	setup_launchpad_workzone
RITM000024028175	1/29/2026 21:44	others
RITM000024028282	1/29/2026 22:11	others
RITM000024016835	1/26/2026 21:58	request_for_spaces_access_space_developer
RITM000024030960	1/30/2026 4:41	others
RITM000024031078	1/30/2026 5:19	others
RITM000024031007	1/30/2026 5:02	create_update_the_service_instances
RITM000024031246	1/30/2026 7:19	setup_cloud_connector_configuration
RITM000024006209	1/22/2026 0:25	others
RITM000024032986	1/30/2026 21:26	create_update_destinations_in_a_subaccount
RITM000024032557	1/30/2026 19:22	setup_cloud_connector_configuration
RITM000024032411	1/30/2026 18:30	others
RITM000024033458	1/30/2026 23:06	others
RITM000024030857	1/30/2026 4:05	others
RITM000024033800	1/31/2026 0:30	create_update_the_service_instances
RITM000024033767	1/31/2026 0:21	setup_cloud_connector_configuration
RITM000024033786	1/31/2026 0:27	create_update_destinations_in_a_subaccount
RITM000024026601	1/29/2026 14:48	setup_cloud_connector_configuration
RITM000024034227	1/31/2026 2:32	others
RITM000024034246	1/31/2026 2:35	others
RITM000024034148	1/31/2026 2:07	create_update_the_service_instances
RITM000024034176	1/31/2026 2:18	create_update_the_service_instances
RITM000024034377	1/31/2026 3:23	request_for_spaces_access_space_developer
RITM000024034408	1/31/2026 3:36	request_for_spaces_access_space_developer
RITM000024034520	1/31/2026 4:24	others
RITM000024028073	1/29/2026 21:24	others
RITM000024034661	1/31/2026 5:22	others
RITM000024034745	1/31/2026 6:35	create_update_destinations_in_a_subaccount
RITM000024034059	1/31/2026 1:40	others
RITM000024037699	2/2/2026 20:32	others
RITM000024024061	1/28/2026 20:48	setup_cloud_connector_configuration
RITM000023993075	1/16/2026 20:08	setup_cloud_connector_configuration
RITM000024038108	2/2/2026 21:54	others
RITM000024038752	2/2/2026 23:53	others
RITM000024011394	1/23/2026 14:03	setup_cloud_connector_configuration
RITM000024025684	1/29/2026 3:59	others
RITM000024039032	2/3/2026 1:00	setup_cloud_connector_configuration
RITM000024039027	2/3/2026 0:59	others
RITM000024039028	2/3/2026 0:59	others
RITM000024038998	2/3/2026 0:52	others
RITM000024038416	2/2/2026 22:48	others
RITM000024037523	2/2/2026 19:46	request_for_spaces_access_space_developer
RITM000024038433	2/2/2026 22:51	others
RITM000024037062	2/2/2026 18:12	others
RITM000024040850	2/3/2026 15:55	setup_cloud_connector_configuration
RITM000024041936	2/3/2026 20:03	others
RITM000024042064	2/3/2026 20:37	create_update_destinations_in_a_subaccount
RITM000024038795	2/3/2026 0:01	others
RITM000024042559	2/3/2026 22:09	setup_launchpad_workzone
RITM000024043000	2/3/2026 23:22	setup_cloud_connector_configuration
RITM000024043329	2/4/2026 0:22	others
RITM000024042675	2/3/2026 22:26	others
RITM000024043920	2/4/2026 2:36	create_update_the_service_instances
RITM000024044090	2/4/2026 3:02	create_update_the_service_instances
RITM000024044106	2/4/2026 3:07	create_update_the_service_instances
RITM000024043663	2/4/2026 1:35	setup_cloud_connector_configuration
RITM000024043686	2/4/2026 1:42	setup_cloud_connector_configuration
RITM000024045415	2/4/2026 14:33	others
RITM000024047388	2/4/2026 22:26	others
RITM000024047076	2/4/2026 21:27	others
RITM000024046931	2/4/2026 20:45	others
RITM000024045953	2/4/2026 17:25	request_for_spaces_access_space_developer
RITM000024045898	2/4/2026 17:12	request_for_spaces_access_space_developer
RITM000024045931	2/4/2026 17:20	request_for_spaces_access_space_developer
RITM000024047741	2/4/2026 23:28	others
RITM000024047988	2/5/2026 0:18	others
RITM000024047390	2/4/2026 22:27	others
RITM000024048319	2/5/2026 1:37	others
RITM000024047344	2/4/2026 22:19	others
RITM000024046779	2/4/2026 20:03	others
RITM000024048935	2/5/2026 5:06	others
RITM000024048259	2/5/2026 1:15	others
RITM000024040756	2/3/2026 15:36	others
RITM000024048539	2/5/2026 2:44	setup_cloud_connector_configuration
RITM000024048559	2/5/2026 2:52	setup_cloud_connector_configuration
RITM000024050483	2/5/2026 18:30	others
RITM000024050606	2/5/2026 19:00	others
RITM000024040198	2/3/2026 9:35	setup_cloud_connector_configuration
RITM000024040229	2/3/2026 9:59	setup_cloud_connector_configuration
RITM000024040355	2/3/2026 12:07	setup_cloud_connector_configuration
RITM000024040396	2/3/2026 12:30	setup_cloud_connector_configuration
RITM000024040412	2/3/2026 12:38	setup_cloud_connector_configuration
RITM000024049187	2/5/2026 8:31	setup_cloud_connector_configuration
RITM000024049306	2/5/2026 10:54	setup_cloud_connector_configuration
RITM000024046050	2/4/2026 17:47	workflow_hana_db_integration
RITM000024052897	2/6/2026 4:23	others
RITM000024052158	2/6/2026 0:43	others
RITM000024052090	2/6/2026 0:24	others
RITM000024052931	2/6/2026 4:41	create_update_a_cloud_foundry_space
RITM000024052952	2/6/2026 4:51	create_update_a_cloud_foundry_space
RITM000024051674	2/5/2026 22:50	others
RITM000024052326	2/6/2026 1:26	others
RITM000024054993	2/6/2026 21:25	others
RITM000024054934	2/6/2026 21:09	others
RITM000024037888	2/2/2026 21:17	setup_launchpad_workzone
RITM000024055313	2/6/2026 22:28	create_update_the_service_instances
RITM000024054249	2/6/2026 18:00	create_update_destinations_in_a_subaccount
RITM000024050800	2/5/2026 19:53	others
RITM000024048013	2/5/2026 0:25	create_update_the_service_instances
RITM000024055618	2/6/2026 23:36	others
RITM000024055563	2/6/2026 23:22	others
RITM000024055634	2/6/2026 23:41	create_update_destinations_in_a_subaccount
RITM000024055672	2/6/2026 23:49	others
RITM000024050684	2/5/2026 19:14	request_for_spaces_access_space_developer
RITM000024056358	2/7/2026 3:18	create_update_destinations_in_a_subaccount
RITM000024057015	2/8/2026 0:17	others
RITM000024017640	1/27/2026 2:06	request_for_spaces_access_space_developer
RITM000024059870	2/9/2026 22:30	create_update_destinations_in_a_subaccount
RITM000024055802	2/7/2026 0:16	others
RITM000024054759	2/6/2026 20:29	others
RITM000024060107	2/9/2026 23:17	create_update_destinations_in_a_subaccount
RITM000024055821	2/7/2026 0:23	others
RITM000024050584	2/5/2026 18:56	others
RITM000024060309	2/9/2026 23:55	others
RITM000024060551	2/10/2026 0:44	create_update_destinations_in_a_subaccount
RITM000024040202	2/3/2026 9:37	setup_cloud_connector_configuration
RITM000024040360	2/3/2026 12:09	setup_cloud_connector_configuration
RITM000024040234	2/3/2026 10:01	setup_cloud_connector_configuration
RITM000024040402	2/3/2026 12:32	setup_cloud_connector_configuration
RITM000024049313	2/5/2026 11:01	setup_cloud_connector_configuration
RITM000024040215	2/3/2026 9:49	create_update_destinations_in_a_subaccount
RITM000024040251	2/3/2026 10:13	create_update_destinations_in_a_subaccount
RITM000024049318	2/5/2026 11:11	create_update_destinations_in_a_subaccount
RITM000024049200	2/5/2026 8:41	create_update_destinations_in_a_subaccount
RITM000024040417	2/3/2026 12:41	setup_cloud_connector_configuration
RITM000024058821	2/9/2026 18:40	others
RITM000024060977	2/10/2026 2:37	setup_cloud_connector_configuration
RITM000024061102	2/10/2026 3:11	others
RITM000024059716	2/9/2026 22:07	workflow_hana_db_integration
RITM000024049151	2/5/2026 7:18	others
RITM000024053087	2/6/2026 5:45	others
RITM000024063515	2/10/2026 20:12	others
RITM000024064056	2/10/2026 22:01	others
RITM000024063210	2/10/2026 19:03	others
RITM000024063020	2/10/2026 18:20	others
RITM000024063025	2/10/2026 18:21	others
RITM000024064320	2/10/2026 23:02	others
RITM000024064574	2/10/2026 23:51	setup_cloud_connector_configuration
RITM000024064859	2/11/2026 0:55	others
RITM000024065245	2/11/2026 2:30	others
RITM000024065542	2/11/2026 4:09	create_update_destinations_in_a_subaccount
RITM000024051616	2/5/2026 22:36	workflow_hana_db_integration
RITM000024067314	2/11/2026 18:27	setup_cloud_connector_configuration
RITM000024067257	2/11/2026 18:13	setup_cloud_connector_configuration
RITM000024067766	2/11/2026 20:23	others
RITM000024067619	2/11/2026 19:47	others
RITM000024067812	2/11/2026 20:36	request_for_spaces_access_space_developer
RITM000024068937	2/12/2026 0:15	others
RITM000024068933	2/12/2026 0:14	create_update_destinations_in_a_subaccount
RITM000024067901	2/11/2026 20:57	request_for_spaces_access_space_developer
RITM000024065318	2/11/2026 2:55	create_update_destinations_in_a_subaccount
RITM000024069102	2/12/2026 0:50	create_update_destinations_in_a_subaccount
RITM000024069131	2/12/2026 0:55	create_update_destinations_in_a_subaccount
RITM000024068524	2/11/2026 22:52	setup_cloud_connector_configuration
RITM000024068627	2/11/2026 23:11	others
RITM000024068657	2/11/2026 23:18	setup_cloud_connector_configuration
RITM000024068954	2/12/2026 0:19	setup_cloud_connector_configuration
RITM000024068930	2/12/2026 0:13	setup_cloud_connector_configuration
RITM000024069231	2/12/2026 1:19	others
RITM000024069194	2/12/2026 1:08	create_update_destinations_in_a_subaccount
RITM000024069205	2/12/2026 1:12	create_update_destinations_in_a_subaccount
RITM000024067662	2/11/2026 19:58	others
RITM000024065934	2/11/2026 6:49	request_for_spaces_access_space_developer
RITM000024069666	2/12/2026 3:24	create_update_the_service_instances
RITM000024065863	2/11/2026 6:05	create_update_a_cloud_foundry_space
RITM000024065868	2/11/2026 6:06	workflow_hana_db_integration
RITM000024069965	2/12/2026 4:52	others
RITM000024055544	2/6/2026 23:18	create_update_destinations_in_a_subaccount
RITM000024070086	2/12/2026 5:40	create_update_destinations_in_a_subaccount
RITM000024070110	2/12/2026 5:47	setup_launchpad_workzone
RITM000024069127	2/12/2026 0:54	others
RITM000024069193	2/12/2026 1:07	others
RITM000024066555	2/11/2026 15:23	others
RITM000024070198	2/12/2026 6:26	setup_cloud_connector_configuration
RITM000024071962	2/12/2026 19:50	others
RITM000024070768	2/12/2026 14:33	others
RITM000024071930	2/12/2026 19:40	others
RITM000024072069	2/12/2026 20:24	others
RITM000024069870	2/12/2026 4:20	others
RITM000024071776	2/12/2026 19:03	others
RITM000024068593	2/11/2026 23:03	others
RITM000024068502	2/11/2026 22:48	others
RITM000024071779	2/12/2026 19:05	others
RITM000024073033	2/12/2026 23:35	others
RITM000024073899	2/13/2026 1:26	others
RITM000024067511	2/11/2026 19:13	others
RITM000024076857	2/13/2026 21:58	others
RITM000024076878	2/13/2026 22:02	others
RITM000024076574	2/13/2026 20:56	others
RITM000024077532	2/14/2026 0:33	others
RITM000024077995	2/14/2026 3:33	create_update_the_service_instances
RITM000024078248	2/14/2026 5:45	setup_cloud_connector_configuration
RITM000024074396	2/13/2026 3:27	others
RITM000024080814	2/16/2026 21:11	others
RITM000024080924	2/16/2026 21:38	others
RITM000024080559	2/16/2026 20:00	request_for_spaces_access_space_developer
RITM000024080279	2/16/2026 19:03	request_for_spaces_access_space_developer
RITM000024076571	2/13/2026 20:54	others
RITM000024084230	2/17/2026 22:51	create_update_destinations_in_a_subaccount
RITM000024051870	2/5/2026 23:36	setup_cloud_connector_configuration
RITM000024084375	2/17/2026 23:21	create_update_destinations_in_a_subaccount
RITM000024076368	2/13/2026 19:57	others
RITM000024082828	2/17/2026 17:37	others
RITM000024084439	2/17/2026 23:37	create_update_destinations_in_a_subaccount
RITM000024083521	2/17/2026 20:37	others
RITM000024082260	2/17/2026 13:39	others
RITM000024084588	2/18/2026 0:02	setup_cloud_connector_configuration
RITM000024084616	2/18/2026 0:05	create_update_destinations_in_a_subaccount
RITM000024084643	2/18/2026 0:09	setup_cloud_connector_configuration
RITM000024084031	2/17/2026 22:19	create_update_destinations_in_a_subaccount
RITM000024084007	2/17/2026 22:12	create_update_a_cloud_foundry_space
RITM000024084747	2/18/2026 0:29	others
RITM000024084694	2/18/2026 0:19	others
RITM000024084882	2/18/2026 0:52	setup_cloud_connector_configuration
RITM000024084175	2/17/2026 22:41	setup_cloud_connector_configuration
RITM000024084248	2/17/2026 22:53	setup_cloud_connector_configuration
RITM000024085192	2/18/2026 2:10	others
RITM000024084471	2/17/2026 23:42	setup_cloud_connector_configuration
RITM000024084548	2/17/2026 23:53	others
RITM000024081415	2/17/2026 0:06	create_update_custom_roles_in_a_subaccount
RITM000024081509	2/17/2026 0:33	others
RITM000024085357	2/18/2026 2:56	others
RITM000024081557	2/17/2026 0:47	others
RITM000024081452	2/17/2026 0:18	others
RITM000024084945	2/18/2026 1:06	others
RITM000024073039	2/12/2026 23:36	ec_2_instance_dp_agent_installation
RITM000024079962	2/16/2026 17:42	others
RITM000024084757	2/18/2026 0:31	workflow_hana_db_integration
RITM000024087015	2/18/2026 18:35	create_update_destinations_in_a_subaccount
RITM000024081500	2/17/2026 0:32	request_for_spaces_access_space_developer
RITM000024085520	2/18/2026 3:54	request_for_spaces_access_space_developer
RITM000024087929	2/18/2026 21:50	others
RITM000024088467	2/18/2026 23:25	others
RITM000024088602	2/18/2026 23:50	others
RITM000024088788	2/19/2026 0:28	setup_cloud_connector_configuration
RITM000024089075	2/19/2026 1:52	create_update_destinations_in_a_subaccount
RITM000024089148	2/19/2026 2:18	create_update_the_service_instances
RITM000024089231	2/19/2026 2:37	others
RITM000024070142	2/12/2026 5:57	setup_launchpad_workzone
RITM000024089095	2/19/2026 2:01	others
RITM000024089854	2/19/2026 7:51	others
RITM000024088941	2/19/2026 1:06	create_update_a_cloud_foundry_space
RITM000024090864	2/19/2026 18:16	create_update_the_service_instances
RITM000024090885	2/19/2026 18:21	others
RITM000024090906	2/19/2026 18:28	others
RITM000024091089	2/19/2026 19:20	others
RITM000024090509	2/19/2026 16:41	create_update_custom_roles_in_a_subaccount
RITM000024090514	2/19/2026 16:42	create_update_custom_roles_in_a_subaccount
RITM000024090317	2/19/2026 15:33	create_update_destinations_in_a_subaccount
RITM000024091306	2/19/2026 20:41	setup_cloud_connector_configuration
RITM000024090571	2/19/2026 16:58	setup_cloud_connector_configuration
RITM000024091386	2/19/2026 21:01	setup_cloud_connector_configuration
RITM000024077503	2/14/2026 0:23	setup_cloud_connector_configuration
RITM000024091894	2/19/2026 23:07	others
RITM000024089490	2/19/2026 4:30	others
RITM000024088708	2/19/2026 0:12	others
RITM000024088939	2/19/2026 1:06	others
RITM000024092074	2/19/2026 23:48	others
RITM000024087906	2/18/2026 21:47	others
RITM000024090376	2/19/2026 15:56	others
RITM000024080144	2/16/2026 18:30	setup_cloud_connector_configuration
RITM000024092613	2/20/2026 1:55	others
RITM000024034525	1/31/2026 4:26	others
RITM000024082267	2/17/2026 13:45	others
RITM000024092250	2/20/2026 0:36	request_for_spaces_access_space_developer
RITM000024093086	2/20/2026 4:30	create_update_destinations_in_a_subaccount
RITM000024092992	2/20/2026 4:00	create_update_destinations_in_a_subaccount
RITM000024093149	2/20/2026 4:54	create_update_a_cloud_foundry_space
RITM000024092040	2/19/2026 23:40	others
RITM000024061447	2/10/2026 5:07	workflow_hana_db_integration
RITM000024092605	2/20/2026 1:52	setup_launchpad_workzone
RITM000024093864	2/20/2026 14:52	create_update_custom_roles_in_a_subaccount
RITM000024094069	2/20/2026 16:14	others
RITM000024094014	2/20/2026 15:53	create_update_destinations_in_a_subaccount
RITM000024094054	2/20/2026 16:07	create_update_destinations_in_a_subaccount
RITM000024093662	2/20/2026 11:57	create_update_destinations_in_a_subaccount
RITM000024094537	2/20/2026 18:48	others
RITM000024095506	2/20/2026 23:10	others
RITM000024096330	2/21/2026 3:03	others
RITM000024098934	2/23/2026 19:36	create_update_destinations_in_a_subaccount
RITM000024098734	2/23/2026 18:32	others
RITM000024098217	2/23/2026 15:42	create_update_destinations_in_a_subaccount
RITM000024099291	2/23/2026 21:27	create_update_the_service_instances
RITM000024098888	2/23/2026 19:18	others
RITM000024099735	2/23/2026 22:36	request_for_spaces_access_space_developer
RITM000024100087	2/23/2026 23:45	create_update_destinations_in_a_subaccount
RITM000024099176	2/23/2026 20:57	others
RITM000024099194	2/23/2026 21:03	others
RITM000024095696	2/20/2026 23:58	create_update_a_cloud_foundry_space
RITM000024100333	2/24/2026 0:34	create_update_destinations_in_a_subaccount
RITM000024101111	2/24/2026 4:42	others
RITM000024101103	2/24/2026 4:39	others
RITM000024101196	2/24/2026 5:17	workflow_hana_db_integration
RITM000024101281	2/24/2026 5:41	others
RITM000024102983	2/24/2026 19:21	request_for_spaces_access_space_developer
RITM000024102647	2/24/2026 17:50	create_update_the_service_instances
RITM000024104970	2/25/2026 2:38	others